{"initial_reset_timestamp": 1596791359.5451365, "timestamps": [1596791369.0247798], "episode_lengths": [200], "episode_rewards": [200.0], "episode_types": ["t"]}